{"cameraMode":{"drawMode":0,"name":"Shaded","section":"Shading Mode"},"sceneLighting":true,"audioPlay":false,"sceneViewState":{"showFog":true,"showMaterialUpdate":true,"showSkybox":true,"showFlares":true,"showImageEffects":true,"showParticleSystems":true},"in2DMode":false,"pivot":{"x":4.038019180297852,"y":-27.07676887512207,"z":20.349933624267579},"rotation":{"x":0.3989672064781189,"y":-0.005501749459654093,"z":0.0023938119411468508,"w":0.9169449806213379},"size":26.50782012939453,"orthographic":false}