{"cameraMode":{"drawMode":0,"name":"Shaded","section":"Shading Mode"},"sceneLighting":true,"audioPlay":false,"sceneViewState":{"showFog":true,"showMaterialUpdate":true,"showSkybox":true,"showFlares":true,"showImageEffects":true,"showParticleSystems":true},"in2DMode":false,"pivot":{"x":6.508138179779053,"y":7.983785629272461,"z":0.5618896484375},"rotation":{"x":-0.2449571043252945,"y":-0.015432784333825112,"z":0.0038638946134597065,"w":-0.9694280028343201},"size":8.065513610839844,"orthographic":false}