{"cameraMode":{"drawMode":0,"name":"Shaded","section":"Shading Mode"},"sceneLighting":true,"audioPlay":false,"sceneViewState":{"showFog":true,"showMaterialUpdate":true,"showSkybox":true,"showFlares":true,"showImageEffects":true,"showParticleSystems":true},"in2DMode":false,"pivot":{"x":-5.274837017059326,"y":17.288002014160158,"z":1.7503662109375},"rotation":{"x":-0.25079041719436648,"y":-0.006382979452610016,"z":0.0016549208667129279,"w":-0.9680289030075073},"size":33.320804595947269,"orthographic":false}