{"cameraMode":{"drawMode":0,"name":"Shaded","section":"Shading Mode"},"sceneLighting":true,"audioPlay":false,"sceneViewState":{"showFog":true,"showMaterialUpdate":true,"showSkybox":true,"showFlares":true,"showImageEffects":true,"showParticleSystems":true},"in2DMode":false,"pivot":{"x":20.393695831298829,"y":5.637874603271484,"z":10.27077865600586},"rotation":{"x":0.1546228528022766,"y":0.09733765572309494,"z":-0.015254110097885132,"w":0.9830795526504517},"size":27.369813919067384,"orthographic":false}